{"cameraMode":{"drawMode":0,"name":"Shaded","section":"Shading Mode"},"sceneLighting":true,"audioPlay":false,"sceneViewState":{"m_AlwaysRefresh":false,"showFog":true,"showSkybox":true,"showFlares":true,"showImageEffects":true,"showParticleSystems":true,"showVisualEffectGraphs":true,"m_FxEnabled":true},"in2DMode":false,"pivot":{"x":0.0874519795179367,"y":0.05667755752801895,"z":0.09725221991539002},"rotation":{"x":0.23936523497104646,"y":0.49130675196647646,"z":-0.1425067037343979,"w":0.825235903263092},"size":2.5434350967407228,"orthographic":false}